LAUREN,1310414075
GEORGIA,8592773633
GRACIE,8732705297
ELEANOR,1765685881
BETHANY,3953674216
MADISON,4617533753
AMELIE,8212946966
ISOBEL,8029173181
PAIGE,9312683555
LACEY,2427263920
SIENNA,1215101975
LIBBY,6111624661
MAISIE,6858635616
ANNA,7588556361
REBECCA,6967769238
ROSIE,4896576169
TIA,7236789884
LAYLA,5763434310
MAYA,6969145663
NIAMH,9798453207
ZARA,6451216733
SARAH,2240647659
LEXI,6572130964
MADDISON,2254822766
ALISHA,9400441161
SOFIA,2614655776
SKYE,8165342262
NICOLE,5318984829
LEXIE,1826516883
FAITH,8256132897
MARTHA,1755246468
HARRIET,2227697130
ZOE,5983225879
EVE,4250048171
JULIA,5638402650
AIMEE,1116663218
HOLLIE,1103510804
LYDIA,6290855577
EVELYN,6767851199
ALEXANDRA,3635529370
MARIA,2051913427
FRANCESCA,2619049347
TILLY,5363973812
FLORENCE,9074478291
ALICIA,6384706485
ABBIE,4459324721
EMILIA,1297683681
COURTNEY,1756112915
MARYAM,1408568779
ESME,8577802619
JACK,2782600592
OLIVER,9869176055
THOMAS,4728069109
HARRY,8514258441
JOSHUA,9952900378
ALFIE,5624747609
CHARLIE,4202888546
DANIEL,6765020668
JAMES,2974819107
WILLIAM,7600922171
SAMUEL,8197621186
GEORGE,7693180336
JOSEPH,3442328609
LEWIS,5408561265
ETHAN,8500165070
MOHAMMED,3224979520
DYLAN,8941295402
BENJAMIN,8358572424
ALEXANDER,8309120687
JACOB,9454725559
RYAN,4831464605
LIAM,4640267984
JAKE,8246283274
MAX,2125300213
LUKE,2491909793
TYLER,2630706079
CALLUM,9437229186
MATTHEW,5577313423
JAYDEN,3503121265
OSCAR,9346517920
ARCHIE,9321158068
ADAM,2167175490
RILEY,7497695682
HARVEY,6722581714
HARRISON,2000570170
LUCAS,6342840354
MUHAMMAD,1701634624
HENRY,3355996714
ISAAC,6622017636
LEO,6535695297
CONNOR,3509538362
EDWARD,4589169820
FINLEY,8491088500
LOGAN,2778053093
NOAH,7789532322
CAMERON,4322428028
ALEX,2367939538
OWEN,6487928637
RHYS,8997541165
NATHAN,2744414869