HOLLIE,1103510804
AIMEE,1116663218
SIENNA,1215101975
EMILIA,1297683681
LAUREN,1310414075
MARYAM,1408568779
MUHAMMAD,1701634624
MARTHA,1755246468
COURTNEY,1756112915
ELEANOR,1765685881
LEXIE,1826516883
HARRISON,2000570170
MARIA,2051913427
MAX,2125300213
ADAM,2167175490
HARRIET,2227697130
SARAH,2240647659
MADDISON,2254822766
ALEX,2367939538
LACEY,2427263920
LUKE,2491909793
SOFIA,2614655776
FRANCESCA,2619049347
TYLER,2630706079
NATHAN,2744414869
LOGAN,2778053093
JACK,2782600592
JAMES,2974819107
MOHAMMED,3224979520
HENRY,3355996714
JOSEPH,3442328609
JAYDEN,3503121265
CONNOR,3509538362
ALEXANDRA,3635529370
BETHANY,3953674216
CHARLIE,4202888546
EVE,4250048171
CAMERON,4322428028
ABBIE,4459324721
EDWARD,4589169820
MADISON,4617533753
LIAM,4640267984
THOMAS,4728069109
RYAN,4831464605
ROSIE,4896576169
NICOLE,5318984829
TILLY,5363973812
LEWIS,5408561265
MATTHEW,5577313423
ALFIE,5624747609
JULIA,5638402650
LAYLA,5763434310
ZOE,5983225879
LIBBY,6111624661
LYDIA,6290855577
LUCAS,6342840354
ALICIA,6384706485
ZARA,6451216733
OWEN,6487928637
LEO,6535695297
LEXI,6572130964
ISAAC,6622017636
HARVEY,6722581714
DANIEL,6765020668
EVELYN,6767851199
MAISIE,6858635616
REBECCA,6967769238
MAYA,6969145663
TIA,7236789884
RILEY,7497695682
ANNA,7588556361
WILLIAM,7600922171
GEORGE,7693180336
NOAH,7789532322
ISOBEL,8029173181
SKYE,8165342262
SAMUEL,8197621186
AMELIE,8212946966
JAKE,8246283274
FAITH,8256132897
ALEXANDER,8309120687
BENJAMIN,8358572424
FINLEY,8491088500
ETHAN,8500165070
HARRY,8514258441
ESME,8577802619
GEORGIA,8592773633
GRACIE,8732705297
DYLAN,8941295402
RHYS,8997541165
FLORENCE,9074478291
PAIGE,9312683555
ARCHIE,9321158068
OSCAR,9346517920
ALISHA,9400441161
CALLUM,9437229186
JACOB,9454725559
NIAMH,9798453207
OLIVER,9869176055
JOSHUA,9952900378
