LAUREN,1310414075,0
GEORGIA,8592773633,0
GRACIE,8732705297,0
ELEANOR,1765685881,0
BETHANY,3953674216,0
MADISON,4617533753,0
AMELIE,8212946966,0
ISOBEL,8029173181,0
PAIGE,9312683555,0
LACEY,2427263920,0
SIENNA,1215101975,0
LIBBY,6111624661,0
MAISIE,6858635616,0
ANNA,7588556361,0
REBECCA,6967769238,0
ROSIE,4896576169,0
TIA,7236789884,0
LAYLA,5763434310,0
MAYA,6969145663,0
NIAMH,9798453207,0
ZARA,6451216733,0
SARAH,2240647659,0
LEXI,6572130964,0
MADDISON,2254822766,0
ALISHA,9400441161,0
SOFIA,2614655776,0
SKYE,8165342262,0
NICOLE,5318984829,0
LEXIE,1826516883,0
FAITH,8256132897,0
MARTHA,1755246468,0
HARRIET,2227697130,0
ZOE,5983225879,0
EVE,4250048171,0
JULIA,5638402650,0
AIMEE,1116663218,0
HOLLIE,1103510804,0
LYDIA,6290855577,0
EVELYN,6767851199,0
ALEXANDRA,3635529370,0
MARIA,2051913427,0
FRANCESCA,2619049347,0
TILLY,5363973812,0
FLORENCE,9074478291,0
ALICIA,6384706485,0
ABBIE,4459324721,0
EMILIA,1297683681,0
COURTNEY,1756112915,0
MARYAM,1408568779,0
ESME,8577802619,0
JACK,2782600592,0
OLIVER,9869176055,0
THOMAS,4728069109,0
HARRY,8514258441,0
JOSHUA,9952900378,0
ALFIE,5624747609,0
CHARLIE,4202888546,0
DANIEL,6765020668,0
JAMES,2974819107,0
WILLIAM,7600922171,0
SAMUEL,8197621186,0
GEORGE,7693180336,0
JOSEPH,3442328609,0
LEWIS,5408561265,0
ETHAN,8500165070,0
MOHAMMED,3224979520,0
DYLAN,8941295402,0
BENJAMIN,8358572424,0
ALEXANDER,8309120687,0
JACOB,9454725559,0
RYAN,4831464605,0
LIAM,4640267984,0
JAKE,8246283274,0
MAX,2125300213,0
LUKE,2491909793,0
TYLER,2630706079,0
CALLUM,9437229186,0
MATTHEW,5577313423,0
JAYDEN,3503121265,0
OSCAR,9346517920,0
ARCHIE,9321158068,0
ADAM,2167175490,0
RILEY,7497695682,0
HARVEY,6722581714,0
HARRISON,2000570170,0
LUCAS,6342840354,0
MUHAMMAD,1701634624,0
HENRY,3355996714,0
ISAAC,6622017636,0
LEO,6535695297,0
CONNOR,3509538362,0
EDWARD,4589169820,0
FINLEY,8491088500,0
LOGAN,2778053093,0
NOAH,7789532322,0
CAMERON,4322428028,0
ALEX,2367939538,0
OWEN,6487928637,0
RHYS,8997541165,0
NATHAN,2744414869,0
